column_name,data_type,missing_count,missing_rate_percent,description
segment_file_id,object,0,0.0,Unique identifier for each segment file.
segment_filename_feature,object,0,0.0,Segment WAV filename from the feature extraction table.
segment_filename_metadata,object,0,0.0,Segment WAV filename from the metadata table.
segment_stem_feature,object,0,0.0,Column generated during the Gugak acoustic dataset construction pipeline.
segment_stem_metadata,object,0,0.0,Column generated during the Gugak acoustic dataset construction pipeline.
merge_key_filename,object,0,0.0,Filename-based key used to merge acoustic features and metadata.
relative_path_segment_feature,object,0,0.0,Relative path to the segment WAV file from the feature table.
relative_path_segment_metadata,object,0,0.0,Relative path to the segment WAV file from the metadata table.
folder_feature,object,2,0.0224,Folder path inferred during feature extraction.
folder_metadata,object,2,0.0224,Folder path recorded in the metadata table.
parent_track_id_feature,object,0,0.0,Parent track identifier inferred during feature extraction.
parent_track_id_metadata,object,0,0.0,Parent track identifier inferred during metadata generation.
segment_index_feature,int64,0,0.0,Segment order within parent track inferred during feature extraction.
segment_index_metadata,int64,0,0.0,Segment order within parent track inferred during metadata generation.
segment_duration_sec_feature,float64,0,0.0,Segment duration estimated during feature extraction.
segment_duration_sec_metadata,float64,0,0.0,Segment duration estimated during metadata generation.
sampling_rate,int64,0,0.0,Sampling rate used for feature extraction.
sampling_rate_detected,int64,0,0.0,Sampling rate detected during metadata generation.
metadata_matched,int32,0,0.0,Indicator for successful metadata matching.
instrument_category_refined,object,0,0.0,Rule-based inferred instrument category.
primary_instrument_refined,object,0,0.0,Rule-based inferred primary instrument.
genre_level1_refined,object,0,0.0,Rule-based inferred broad genre category.
genre_level2_refined,object,0,0.0,Rule-based inferred detailed genre or repertoire category.
vocal_instrumental_type_refined,object,0,0.0,Rule-based inferred vocal or instrumental type.
ensemble_flag,int64,0,0.0,Rule-based inferred ensemble indicator.
jangdan_inferred,object,8220,92.0699,Rhythmic-cycle or jangdan term inferred from folder or filename.
related_repertoire_inferred,object,5418,60.6855,Related repertoire term inferred from folder or filename.
folder_refinement_rules,object,253,2.8338,Provenance field indicating which rule assigned or refined metadata.
metadata_refinement_status,object,0,0.0,Status of rule-based metadata refinement.
manual_review_needed_refined,int64,0,0.0,Whether unresolved metadata remained after final rule-based refinement.
manual_review_reason_refined,float64,8928,100.0,Reason for unresolved metadata after final rule-based refinement.
rms_mean,float64,0,0.0,Mean root-mean-square energy.
rms_std,float64,0,0.0,Standard deviation of root-mean-square energy.
rms_var,float64,0,0.0,Variance of root-mean-square energy.
rms_min,float64,0,0.0,Column generated during the Gugak acoustic dataset construction pipeline.
rms_max,float64,0,0.0,Column generated during the Gugak acoustic dataset construction pipeline.
rms_range,float64,0,0.0,Range of root-mean-square energy.
rms_cv,float64,0,0.0,Coefficient of variation of root-mean-square energy.
spectral_centroid_mean,float64,0,0.0,Mean spectral centroid.
spectral_centroid_std,float64,0,0.0,Standard deviation of spectral centroid.
spectral_centroid_range,float64,0,0.0,Range of spectral centroid.
spectral_bandwidth_mean,float64,0,0.0,Mean spectral bandwidth.
spectral_bandwidth_std,float64,0,0.0,Standard deviation of spectral bandwidth.
spectral_rolloff_mean,float64,0,0.0,Mean spectral rolloff.
spectral_rolloff_std,float64,0,0.0,Standard deviation of spectral rolloff.
spectral_flatness_mean,float64,0,0.0,Mean spectral flatness.
spectral_flatness_std,float64,0,0.0,Standard deviation of spectral flatness.
zero_crossing_rate_mean,float64,0,0.0,Mean zero-crossing rate.
zero_crossing_rate_std,float64,0,0.0,Standard deviation of zero-crossing rate.
tempo_bpm,float64,0,0.0,Estimated tempo in beats per minute.
tempo_valid_flag,int64,0,0.0,Indicator for successful tempo estimation.
onset_count,int64,0,0.0,Number of detected onset events.
onset_density,float64,0,0.0,Detected onsets per second.
onset_strength_mean,float64,0,0.0,Mean onset strength.
onset_strength_std,float64,0,0.0,Standard deviation of onset strength.
onset_strength_range,float64,0,0.0,Range of onset strength.
chroma_mean,float64,0,0.0,Mean chroma feature value.
chroma_std,float64,0,0.0,Standard deviation of chroma feature value.
chroma_var,float64,0,0.0,Variance of chroma feature value.
chroma_entropy,float64,0,0.0,Entropy of pitch-class distribution derived from chroma features.
n_1s_frames,int64,0,0.0,Number of 1-second subframes used for within-segment dynamics.
rms_1s_mean,float64,0,0.0,Column generated during the Gugak acoustic dataset construction pipeline.
rms_1s_std,float64,0,0.0,Column generated during the Gugak acoustic dataset construction pipeline.
rms_1s_slope,float64,0,0.0,Linear slope of 1-second RMS values within the segment.
rms_1s_cv,float64,0,0.0,Column generated during the Gugak acoustic dataset construction pipeline.
centroid_1s_mean,float64,0,0.0,Column generated during the Gugak acoustic dataset construction pipeline.
centroid_1s_std,float64,0,0.0,Column generated during the Gugak acoustic dataset construction pipeline.
centroid_1s_slope,float64,0,0.0,Linear slope of 1-second spectral centroid values within the segment.
centroid_1s_cv,float64,0,0.0,Column generated during the Gugak acoustic dataset construction pipeline.
onset_strength_1s_mean,float64,0,0.0,Column generated during the Gugak acoustic dataset construction pipeline.
onset_strength_1s_std,float64,0,0.0,Column generated during the Gugak acoustic dataset construction pipeline.
onset_strength_1s_slope,float64,0,0.0,Linear slope of 1-second onset strength values within the segment.
onset_strength_1s_cv,float64,0,0.0,Column generated during the Gugak acoustic dataset construction pipeline.
mfcc_1_mean,float64,0,0.0,Mel-frequency cepstral coefficient summary feature.
mfcc_1_std,float64,0,0.0,Mel-frequency cepstral coefficient summary feature.
mfcc_2_mean,float64,0,0.0,Mel-frequency cepstral coefficient summary feature.
mfcc_2_std,float64,0,0.0,Mel-frequency cepstral coefficient summary feature.
mfcc_3_mean,float64,0,0.0,Mel-frequency cepstral coefficient summary feature.
mfcc_3_std,float64,0,0.0,Mel-frequency cepstral coefficient summary feature.
mfcc_4_mean,float64,0,0.0,Mel-frequency cepstral coefficient summary feature.
mfcc_4_std,float64,0,0.0,Mel-frequency cepstral coefficient summary feature.
mfcc_5_mean,float64,0,0.0,Mel-frequency cepstral coefficient summary feature.
mfcc_5_std,float64,0,0.0,Mel-frequency cepstral coefficient summary feature.
mfcc_6_mean,float64,0,0.0,Mel-frequency cepstral coefficient summary feature.
mfcc_6_std,float64,0,0.0,Mel-frequency cepstral coefficient summary feature.
mfcc_7_mean,float64,0,0.0,Mel-frequency cepstral coefficient summary feature.
mfcc_7_std,float64,0,0.0,Mel-frequency cepstral coefficient summary feature.
mfcc_8_mean,float64,0,0.0,Mel-frequency cepstral coefficient summary feature.
mfcc_8_std,float64,0,0.0,Mel-frequency cepstral coefficient summary feature.
mfcc_9_mean,float64,0,0.0,Mel-frequency cepstral coefficient summary feature.
mfcc_9_std,float64,0,0.0,Mel-frequency cepstral coefficient summary feature.
mfcc_10_mean,float64,0,0.0,Mel-frequency cepstral coefficient summary feature.
mfcc_10_std,float64,0,0.0,Mel-frequency cepstral coefficient summary feature.
mfcc_11_mean,float64,0,0.0,Mel-frequency cepstral coefficient summary feature.
mfcc_11_std,float64,0,0.0,Mel-frequency cepstral coefficient summary feature.
mfcc_12_mean,float64,0,0.0,Mel-frequency cepstral coefficient summary feature.
mfcc_12_std,float64,0,0.0,Mel-frequency cepstral coefficient summary feature.
mfcc_13_mean,float64,0,0.0,Mel-frequency cepstral coefficient summary feature.
mfcc_13_std,float64,0,0.0,Mel-frequency cepstral coefficient summary feature.
feature_extraction_status,object,0,0.0,Status of acoustic feature extraction.
feature_extraction_error,float64,8928,100.0,"Error message from feature extraction, if any."
audio_read_status,object,0,0.0,Column generated during the Gugak acoustic dataset construction pipeline.
audio_error,float64,8928,100.0,Column generated during the Gugak acoustic dataset construction pipeline.
