column_name,data_type,missing_count,missing_rate_percent,description
segment_file_id,object,0,0.0,"Identifier, metadata, or provenance column included in the segment orientation profile table."
merge_key_filename,object,0,0.0,"Identifier, metadata, or provenance column included in the segment orientation profile table."
segment_filename_feature,object,0,0.0,"Identifier, metadata, or provenance column included in the segment orientation profile table."
segment_filename_metadata,object,0,0.0,"Identifier, metadata, or provenance column included in the segment orientation profile table."
relative_path_segment_feature,object,0,0.0,"Identifier, metadata, or provenance column included in the segment orientation profile table."
relative_path_segment_metadata,object,0,0.0,"Identifier, metadata, or provenance column included in the segment orientation profile table."
folder_feature,object,2,0.0224,"Identifier, metadata, or provenance column included in the segment orientation profile table."
folder_metadata,object,2,0.0224,"Identifier, metadata, or provenance column included in the segment orientation profile table."
parent_track_id_feature,object,0,0.0,"Identifier, metadata, or provenance column included in the segment orientation profile table."
parent_track_id_metadata,object,0,0.0,"Identifier, metadata, or provenance column included in the segment orientation profile table."
segment_index_feature,int64,0,0.0,"Identifier, metadata, or provenance column included in the segment orientation profile table."
segment_index_metadata,int64,0,0.0,"Identifier, metadata, or provenance column included in the segment orientation profile table."
segment_duration_sec_feature,float64,0,0.0,"Identifier, metadata, or provenance column included in the segment orientation profile table."
segment_duration_sec_metadata,float64,0,0.0,"Identifier, metadata, or provenance column included in the segment orientation profile table."
instrument_category_refined,object,0,0.0,"Identifier, metadata, or provenance column included in the segment orientation profile table."
primary_instrument_refined,object,0,0.0,"Identifier, metadata, or provenance column included in the segment orientation profile table."
genre_level1_refined,object,0,0.0,"Identifier, metadata, or provenance column included in the segment orientation profile table."
genre_level2_refined,object,0,0.0,"Identifier, metadata, or provenance column included in the segment orientation profile table."
vocal_instrumental_type_refined,object,0,0.0,"Identifier, metadata, or provenance column included in the segment orientation profile table."
ensemble_flag,int64,0,0.0,"Identifier, metadata, or provenance column included in the segment orientation profile table."
jangdan_inferred,object,8220,92.0699,"Identifier, metadata, or provenance column included in the segment orientation profile table."
related_repertoire_inferred,object,5418,60.6855,"Identifier, metadata, or provenance column included in the segment orientation profile table."
folder_refinement_rules,object,253,2.8338,"Identifier, metadata, or provenance column included in the segment orientation profile table."
metadata_refinement_status,object,0,0.0,"Identifier, metadata, or provenance column included in the segment orientation profile table."
rhythmic_activity_orientation,float64,0,0.0,Acoustic orientation index for rhythmic activity based on onset-related features.
dynamic_intensity_orientation,float64,0,0.0,Acoustic orientation index for dynamic intensity based on RMS energy features.
tempo_activity_orientation,float64,0,0.0,Acoustic orientation index for temporal activity based on estimated tempo.
spectral_brightness_orientation,float64,0,0.0,Acoustic orientation index for spectral brightness and timbral sharpness.
tonal_variability_orientation,float64,0,0.0,Acoustic orientation index for pitch-class variability based on chroma features.
within_segment_dynamics_orientation,float64,0,0.0,Acoustic orientation index for within-segment temporal variability.
overall_acoustic_orientation_index,float64,0,0.0,Mean of domain-level acoustic orientation indices. Lower values indicate Yin-oriented acoustic profile and higher values indicate Yang-oriented acoustic profile.
orientation_profile_group,object,0,0.0,Rule-based descriptive group derived from overall orientation and domain-level consistency.
domain_orientation_mean,float64,0,0.0,"Identifier, metadata, or provenance column included in the segment orientation profile table."
domain_orientation_sd,float64,0,0.0,Standard deviation of domain-level orientation indices.
domain_orientation_min,float64,0,0.0,"Identifier, metadata, or provenance column included in the segment orientation profile table."
domain_orientation_max,float64,0,0.0,"Identifier, metadata, or provenance column included in the segment orientation profile table."
domain_orientation_range,float64,0,0.0,Range of domain-level orientation indices.
positive_domain_count,int64,0,0.0,Number of domains with orientation greater than +0.15.
negative_domain_count,int64,0,0.0,Number of domains with orientation less than -0.15.
neutral_domain_count,int64,0,0.0,Number of domains between -0.15 and +0.15.
domain_consistency_index,float64,0,0.0,Degree of agreement in domain orientation direction.
orientation_algorithm_version,object,0,0.0,Version of the acoustic orientation algorithm.
segment_filename_feature_ko,object,0,0.0,Original Korean value of segment_filename_feature; segment_filename_feature holds the romanized form (Revised Romanization of Korean).
segment_filename_metadata_ko,object,0,0.0,Original Korean value of segment_filename_metadata; segment_filename_metadata holds the romanized form (Revised Romanization of Korean).
segment_stem_feature_ko,object,0,0.0,Original Korean value of segment_stem_feature; segment_stem_feature holds the romanized form (Revised Romanization of Korean).
segment_stem_metadata_ko,object,0,0.0,Original Korean value of segment_stem_metadata; segment_stem_metadata holds the romanized form (Revised Romanization of Korean).
merge_key_filename_ko,object,0,0.0,Original Korean value of merge_key_filename; merge_key_filename holds the romanized form (Revised Romanization of Korean).
relative_path_segment_feature_ko,object,0,0.0,Original Korean value of relative_path_segment_feature; relative_path_segment_feature holds the romanized form (Revised Romanization of Korean).
relative_path_segment_metadata_ko,object,0,0.0,Original Korean value of relative_path_segment_metadata; relative_path_segment_metadata holds the romanized form (Revised Romanization of Korean).
folder_feature_ko,object,2,0.02,Original Korean value of folder_feature; folder_feature holds the romanized form (Revised Romanization of Korean).
folder_metadata_ko,object,2,0.02,Original Korean value of folder_metadata; folder_metadata holds the romanized form (Revised Romanization of Korean).
parent_track_id_feature_ko,object,0,0.0,Original Korean value of parent_track_id_feature; parent_track_id_feature holds the romanized form (Revised Romanization of Korean).
parent_track_id_metadata_ko,object,0,0.0,Original Korean value of parent_track_id_metadata; parent_track_id_metadata holds the romanized form (Revised Romanization of Korean).
instrument_category_refined_ko,object,0,0.0,Original Korean value of instrument_category_refined; instrument_category_refined holds the romanized form (Revised Romanization of Korean).
instrument_category_refined_en,object,0,0.0,English label for the Korean categories in instrument_category_refined; see docs/GADC_glossary_v1.1.0.csv.
primary_instrument_refined_ko,object,0,0.0,Original Korean value of primary_instrument_refined; primary_instrument_refined holds the romanized form (Revised Romanization of Korean).
primary_instrument_refined_en,object,0,0.0,English label for the Korean categories in primary_instrument_refined; see docs/GADC_glossary_v1.1.0.csv.
genre_level1_refined_ko,object,0,0.0,Original Korean value of genre_level1_refined; genre_level1_refined holds the romanized form (Revised Romanization of Korean).
genre_level1_refined_en,object,0,0.0,English label for the Korean categories in genre_level1_refined; see docs/GADC_glossary_v1.1.0.csv.
genre_level2_refined_ko,object,0,0.0,Original Korean value of genre_level2_refined; genre_level2_refined holds the romanized form (Revised Romanization of Korean).
genre_level2_refined_en,object,0,0.0,English label for the Korean categories in genre_level2_refined; see docs/GADC_glossary_v1.1.0.csv.
jangdan_inferred_ko,object,8220,92.07,Original Korean value of jangdan_inferred; jangdan_inferred holds the romanized form (Revised Romanization of Korean).
jangdan_inferred_en,object,8220,92.07,English label for the Korean categories in jangdan_inferred; see docs/GADC_glossary_v1.1.0.csv.
related_repertoire_inferred_ko,object,5418,60.69,Original Korean value of related_repertoire_inferred; related_repertoire_inferred holds the romanized form (Revised Romanization of Korean).
related_repertoire_inferred_en,object,5418,60.69,English label for the Korean categories in related_repertoire_inferred; see docs/GADC_glossary_v1.1.0.csv.
