term_ko,term_rr,term_en,term_type,used_in_columns,note
가곡,Gagok,Gagok (lyric song cycle with ensemble),genre,genre_level2;genre_tags;instrument_tags,
가사,Gasa,Gasa (long lyric song),genre,genre_level2;genre_tags;instrument_tags,
가야금,Gayageum,Gayageum (12-string plucked zither),instrument,instrument_tags;primary_instrument,
거문고,Geomungo,Geomungo (six-string plucked zither),instrument,instrument_tags;primary_instrument,
거문고풍류,Geomungo-Pungnyu,Geomungo Pungnyu,genre,genre_level2,
경기도당굿,Gyeonggi-Dodanggut,Gyeonggi Dodanggut (village ritual of Gyeonggi),genre,genre_level2,
관악기,Gwanakgi,Wind instruments,category,instrument_category,
굿거리,Gutgeori,Gutgeori (12-beat dance rhythm),jangdan,jangdan_inferred,
궁중정재,Gungjungjeongjae,Court dance (Jeongjae),genre,genre_level1;genre_level2;related_repertoire_inferred,
기악,Giak,Instrumental music,genre,genre_level1,
길군악,Gilgunak,Gilgunak (song title),repertoire,related_repertoire_inferred,
꽹과리,Kkwaenggwari,Kkwaenggwari (small hand gong),instrument,instrument_tags;primary_instrument,
남도잡가,Namdo-Japga,Namdo Japga (southwestern popular song),genre,genre_level2,
농악,Nongak,Nongak (farmers' band music),genre,genre_level1;genre_level2;genre_tags,
능게,Neungge,Neungge (ritual music piece),genre,genre_level2,please check
단소,Danso,Danso (short vertical bamboo flute),instrument,instrument_tags;primary_instrument,
단소풍류,Danso-Pungnyu,Danso Pungnyu,genre,genre_level2,
대금,Daegeum,Daegeum (large transverse bamboo flute),instrument,instrument_tags;primary_instrument,
대풍류,Daepungnyu,Daepungnyu (wind-ensemble Pungnyu),genre,genre_level2,
대피리,Daepiri,Daepiri (large Piri),instrument,primary_instrument,
동해안,Donghaean,East Coast (regional style),genre,genre_level2,
매화가,Maehwaga,Maehwaga (song title),repertoire,related_repertoire_inferred,
메나리,Menari,Menari (eastern folk-song mode),genre,genre_level2,
무속음악,Musogeumak,Shamanic music,genre,genre_level1,
무악,Muak,Muak (shamanic music),genre,genre_level2,
민간풍류,Mingan-Pungnyu,Mingan Pungnyu (folk-style Pungnyu),genre,genre_level2,
민속악,Minsogak,Folk music,genre,genre_level1;genre_level2;genre_tags,
민요,Minyo,Minyo (folk song),genre,genre_level2;genre_tags;instrument_tags,
바라,Bara,Bara (cymbals),instrument,instrument_tags;primary_instrument,
박,Bak,Bak (wooden clapper),instrument,instrument_tags;primary_instrument,
반주장구,Banju-Janggu,Janggu accompaniment,genre,genre_level2,
백구사,Baekgusa,Baekgusa (song title),repertoire,related_repertoire_inferred,
북,Buk,Buk (barrel drum),instrument,instrument_tags;primary_instrument,
사물놀이,Samul-Nori,Samul Nori (percussion quartet),genre,genre_level2,
산조,Sanjo,Sanjo (solo instrumental suite),genre,genre_level2;genre_tags,
삼오장,Samojang,Samojang (rhythmic pattern),jangdan,jangdan_inferred,please check
삼채,Samchae,Samchae (percussion rhythm),jangdan,jangdan_inferred,
상사별곡,Sangsabyeolgok,Sangsabyeolgok (song title),repertoire,related_repertoire_inferred,
성악,Seongak,Vocal music,category,genre_level1;instrument_category,
성악반주,Seongakbanju,Vocal accompaniment,genre,genre_level1,
소금,Sogeum,Sogeum (small transverse bamboo flute),instrument,instrument_tags;primary_instrument,
소리북,Soribuk,Soribuk (barrel drum accompanying singing),instrument,genre_level2;primary_instrument,
수양산가,Suyangsanga,Suyangsanga (song title),repertoire,related_repertoire_inferred,
시나위,Sinawi,Sinawi (shamanic improvisatory ensemble),genre,genre_level2,
시조,Sijo,Sijo (short lyric song),genre,genre_level2;genre_tags;instrument_tags,
아쟁,Ajaeng,Ajaeng (bowed zither),instrument,instrument_tags;primary_instrument,
양양가,Yangyangga,Yangyangga (song title),repertoire,related_repertoire_inferred,
어,Eo,Eo (tiger-shaped wooden scraper),instrument,instrument_tags;primary_instrument,
엇모리,Eonmori,Eotmori (asymmetric 10-beat cycle),jangdan,jangdan_inferred,RR by pronunciation gives Eonmori (used in the file names); Eotmori is the common spelling
연례악,Yeollyeak,Yeollyeak (court banquet music),genre,genre_level2,
연희,Yeonhui,Yeonhui (folk performing arts),genre,genre_level1,
영남가락,Yeongnam-Garak,Yeongnam Garak (percussion rhythms),genre,genre_level2,
웃다리,Utdari,Utdari (central-region percussion style),genre,genre_level2,
일채,Ilchae,Ilchae (percussion rhythm),jangdan,jangdan_inferred,
자진모리,Jajinmori,Jajinmori (fast rhythmic cycle),jangdan,jangdan_inferred,
자진삼채,Jajinsamchae,Jajin Samchae (fast Samchae),jangdan,jangdan_inferred,
장구,Janggu,Janggu (hourglass drum),instrument,instrument_tags;primary_instrument,
정가,Jeongga,Jeongga (classical vocal music),genre,genre_level2;genre_tags;instrument_tags,
정악,Jeongak,Jeongak (court and literati music),genre,genre_level1;genre_level2;genre_tags,
정악장구,Jeongak-Janggu,Janggu part of Jeongak,genre,genre_level2,
중모리,Jungmori,Jungmori (medium 12-beat rhythmic cycle),jangdan,jangdan_inferred,
중중모리,Jungjungmori,Jungjungmori (moderately fast 12-beat cycle),jangdan,jangdan_inferred,
진도무악,Jindo-Muak,Jindo Muak (Jindo shamanic music),genre,genre_level2,
진도씻김굿,Jindo-Ssitgimgut,Jindo Ssitgimgut (cleansing ritual),genre,genre_level2,
징,Jing,Jing (large gong),instrument,instrument_tags;primary_instrument,
창,Chang,Chang (singing),voice,instrument_tags,
창사,Changsa,Changsa (sung text of court dance),genre,genre_level2,
처용가,Cheoyongga,Cheoyongga (song title),repertoire,related_repertoire_inferred,
타악,Taak,Percussion music,genre,genre_level1,
타악기,Taakgi,Percussion instruments,category,instrument_category,
태평소,Taepyeongso,Taepyeongso (conical double-reed shawm),instrument,instrument_tags;primary_instrument,
판소리,Pansori,Pansori (sung epic storytelling),genre,genre_level2;genre_tags;instrument_tags,
푸너리,Puneori,Puneori (East Coast shamanic rhythm piece),genre,genre_level2,please check
풍류,Pungnyu,Pungnyu (literati chamber music),genre,genre_level2;genre_tags,
피리,Piri,Piri (cylindrical double-reed pipe),instrument,instrument_tags;primary_instrument,
해금,Haegeum,Haegeum (two-string vertical fiddle),instrument,instrument_tags;primary_instrument,
해금독주,Haegeum-Dokju,Haegeum solo,genre,genre_level2,
행악,Haengak,Processional music,genre,genre_level1;genre_level2,
현악기,Hyeonakgi,String instruments,category,instrument_category,
황계사,Hwanggyesa,Hwanggyesa (song title),repertoire,related_repertoire_inferred,
휘모리,Hwimori,Hwimori (very fast rhythmic cycle),jangdan,jangdan_inferred,
