orientation_domain,feature,direction,interpretation,orientation_algorithm_version
rhythmic_activity_orientation,onset_density,higher_value_more_yang_oriented,Higher onset density indicates more frequent rhythmic articulation.,YYOP_v1.0_acoustic_orientation_profile
rhythmic_activity_orientation,onset_count,higher_value_more_yang_oriented,Higher onset count indicates more segmented rhythmic events.,YYOP_v1.0_acoustic_orientation_profile
rhythmic_activity_orientation,onset_strength_mean,higher_value_more_yang_oriented,Higher onset strength indicates stronger rhythmic attacks.,YYOP_v1.0_acoustic_orientation_profile
rhythmic_activity_orientation,onset_strength_std,higher_value_more_yang_oriented,Higher onset strength variability indicates greater rhythmic fluctuation.,YYOP_v1.0_acoustic_orientation_profile
rhythmic_activity_orientation,onset_strength_range,higher_value_more_yang_oriented,Higher onset strength range indicates greater rhythmic contrast.,YYOP_v1.0_acoustic_orientation_profile
dynamic_intensity_orientation,rms_mean,higher_value_more_yang_oriented,Higher RMS indicates greater acoustic energy.,YYOP_v1.0_acoustic_orientation_profile
dynamic_intensity_orientation,rms_std,higher_value_more_yang_oriented,Higher RMS variability indicates greater dynamic fluctuation.,YYOP_v1.0_acoustic_orientation_profile
dynamic_intensity_orientation,rms_var,higher_value_more_yang_oriented,Higher RMS variance indicates greater dynamic fluctuation.,YYOP_v1.0_acoustic_orientation_profile
dynamic_intensity_orientation,rms_range,higher_value_more_yang_oriented,Higher RMS range indicates greater dynamic contrast.,YYOP_v1.0_acoustic_orientation_profile
dynamic_intensity_orientation,rms_cv,higher_value_more_yang_oriented,Higher RMS coefficient of variation indicates greater relative dynamic fluctuation.,YYOP_v1.0_acoustic_orientation_profile
tempo_activity_orientation,tempo_bpm,higher_value_more_yang_oriented,Higher estimated tempo indicates faster temporal motion.,YYOP_v1.0_acoustic_orientation_profile
spectral_brightness_orientation,spectral_centroid_mean,higher_value_more_yang_oriented,Higher spectral centroid indicates brighter spectral quality.,YYOP_v1.0_acoustic_orientation_profile
spectral_brightness_orientation,spectral_centroid_std,higher_value_more_yang_oriented,Higher spectral centroid variability indicates greater timbral fluctuation.,YYOP_v1.0_acoustic_orientation_profile
spectral_brightness_orientation,spectral_bandwidth_mean,higher_value_more_yang_oriented,Higher spectral bandwidth indicates broader spectral spread.,YYOP_v1.0_acoustic_orientation_profile
spectral_brightness_orientation,spectral_rolloff_mean,higher_value_more_yang_oriented,Higher spectral rolloff indicates greater high-frequency emphasis.,YYOP_v1.0_acoustic_orientation_profile
spectral_brightness_orientation,spectral_flatness_mean,higher_value_more_yang_oriented,Higher spectral flatness indicates noisier or less tonal spectral quality.,YYOP_v1.0_acoustic_orientation_profile
spectral_brightness_orientation,zero_crossing_rate_mean,higher_value_more_yang_oriented,Higher zero-crossing rate indicates greater high-frequency or noisy components.,YYOP_v1.0_acoustic_orientation_profile
tonal_variability_orientation,chroma_std,higher_value_more_yang_oriented,Higher chroma variability indicates greater pitch-class fluctuation.,YYOP_v1.0_acoustic_orientation_profile
tonal_variability_orientation,chroma_var,higher_value_more_yang_oriented,Higher chroma variance indicates greater pitch-class fluctuation.,YYOP_v1.0_acoustic_orientation_profile
tonal_variability_orientation,chroma_entropy,higher_value_more_yang_oriented,Higher chroma entropy indicates more dispersed pitch-class distribution.,YYOP_v1.0_acoustic_orientation_profile
within_segment_dynamics_orientation,rms_1s_std,higher_value_more_yang_oriented,Higher 1-second RMS variability indicates stronger within-segment dynamic change.,YYOP_v1.0_acoustic_orientation_profile
within_segment_dynamics_orientation,rms_1s_cv,higher_value_more_yang_oriented,Higher 1-second RMS coefficient of variation indicates stronger relative dynamic change.,YYOP_v1.0_acoustic_orientation_profile
within_segment_dynamics_orientation,centroid_1s_std,higher_value_more_yang_oriented,Higher 1-second centroid variability indicates stronger within-segment timbral change.,YYOP_v1.0_acoustic_orientation_profile
within_segment_dynamics_orientation,centroid_1s_cv,higher_value_more_yang_oriented,Higher 1-second centroid coefficient of variation indicates stronger relative timbral change.,YYOP_v1.0_acoustic_orientation_profile
within_segment_dynamics_orientation,onset_strength_1s_std,higher_value_more_yang_oriented,Higher 1-second onset-strength variability indicates stronger within-segment rhythmic change.,YYOP_v1.0_acoustic_orientation_profile
within_segment_dynamics_orientation,onset_strength_1s_cv,higher_value_more_yang_oriented,Higher 1-second onset-strength coefficient of variation indicates stronger relative rhythmic change.,YYOP_v1.0_acoustic_orientation_profile
